{
  "type": "FeatureCollection",
  "features": [
    {"type":"Feature","geometry":{"type":"Point","coordinates":[2.3522,48.8566]},"properties":{"id":"fb-1","name":"Poilâne","region":"Île-de-France","address":"8 rue du Cherche-Midi, 75006 Paris","type":"boulangerie","characteristics":"Legendary Paris bakery. Famous for large, tangy sourdough loaves."}},
    {"type":"Feature","geometry":{"type":"Point","coordinates":[2.3398,48.8606]},"properties":{"id":"fb-2","name":"Du Pain et des Idées","region":"Île-de-France","address":"34 rue Yves Toudic, 75010 Paris","type":"boulangerie","characteristics":"Traditional croissants and pain au chocolat. Historic 1875 shop."}},
    {"type":"Feature","geometry":{"type":"Point","coordinates":[2.3631,48.8534]},"properties":{"id":"fb-3","name":"La Maison d'Isabelle","region":"Île-de-France","address":"47ter boulevard Saint-Germain, 75005 Paris","type":"boulangerie","characteristics":"Best croissant in Paris 2018. Rich butter flavour."}},
    {"type":"Feature","geometry":{"type":"Point","coordinates":[2.2945,48.8584]},"properties":{"id":"fb-4","name":"Pierre Hermé","region":"Île-de-France","address":"72 rue Bonaparte, 75006 Paris","type":"patisserie","characteristics":"World-famous macarons and viennoiseries."}},
    {"type":"Feature","geometry":{"type":"Point","coordinates":[2.327,48.8698]},"properties":{"id":"fb-5","name":"Boulangerie Julien","region":"Île-de-France","address":"75 rue Saint-Honoré, 75001 Paris","type":"artisan","characteristics":"Organic wheat and stone-ground flour. Artisan breads."}},
    {"type":"Feature","geometry":{"type":"Point","coordinates":[2.3488,48.8534]},"properties":{"id":"fb-6","name":"Blé Sucré","region":"Île-de-France","address":"7 rue Antoine Vollon, 75012 Paris","type":"patisserie","characteristics":"Madeleines and financiers. Fabrice Le Bourdat."}},
    {"type":"Feature","geometry":{"type":"Point","coordinates":[2.3625,48.8512]},"properties":{"id":"fb-7","name":"Sainte-Marthe","region":"Île-de-France","address":"32 rue du Chemin Vert, 75011 Paris","type":"boulangerie","characteristics":"Sourdough and seasonal pastries. Belleville favourite."}},
    {"type":"Feature","geometry":{"type":"Point","coordinates":[2.3445,48.8682]},"properties":{"id":"fb-8","name":"Utopie","region":"Île-de-France","address":"20 rue Jean-Pierre Timbaud, 75011 Paris","type":"boulangerie","characteristics":"Creative flavours and organic flour. Queues worth it."}},
    {"type":"Feature","geometry":{"type":"Point","coordinates":[2.3321,48.8765]},"properties":{"id":"fb-9","name":"Landemaine Oberkampf","region":"Île-de-France","address":"85 rue de Turenne, 75003 Paris","type":"boulangerie","characteristics":"Multiple award winner. Perfect baguettes and viennoiseries."}},
    {"type":"Feature","geometry":{"type":"Point","coordinates":[2.3567,48.8612]},"properties":{"id":"fb-10","name":"Cédric Grolet Opéra","region":"Île-de-France","address":"35 avenue de l'Opéra, 75002 Paris","type":"patisserie","characteristics":"Instagram-famous fruit sculptures and pastries."}},
    {"type":"Feature","geometry":{"type":"Point","coordinates":[2.3412,48.8498]},"properties":{"id":"fb-11","name":"Boulangerie Bruno Solques","region":"Île-de-France","address":"44 rue de la Roquette, 75011 Paris","type":"boulangerie","characteristics":"Traditional Parisian baguette and campagne."}},
    {"type":"Feature","geometry":{"type":"Point","coordinates":[2.2987,48.8721]},"properties":{"id":"fb-12","name":"Mamiche","region":"Île-de-France","address":"45 rue Condorcet, 75009 Paris","type":"boulangerie","characteristics":"Natural leavening. Sourdough and seasonal tarts."}},
    {"type":"Feature","geometry":{"type":"Point","coordinates":[2.3678,48.8578]},"properties":{"id":"fb-13","name":"Boulangerie 2M","region":"Île-de-France","address":"2 rue de la Cité, 75004 Paris","type":"boulangerie","characteristics":"Near Notre-Dame. Classic French breads and sandwiches."}},
    {"type":"Feature","geometry":{"type":"Point","coordinates":[2.3521,48.8423]},"properties":{"id":"fb-14","name":"La Parisienne","region":"Île-de-France","address":"24 rue des Martyrs, 75009 Paris","type":"boulangerie","characteristics":"Montmartre staple. Baguette tradition and croissants."}},
    {"type":"Feature","geometry":{"type":"Point","coordinates":[2.3892,48.8812]},"properties":{"id":"fb-15","name":"Boulangerie Pichard","region":"Île-de-France","address":"88 rue de la Convention, 75015 Paris","type":"boulangerie","characteristics":"Grand Prix de la baguette. 15th arrondissement."}},
    {"type":"Feature","geometry":{"type":"Point","coordinates":[2.4012,48.8345]},"properties":{"id":"fb-16","name":"Le Grenier à Pain Abbesses","region":"Île-de-France","address":"38 rue des Abbesses, 75018 Paris","type":"boulangerie","characteristics":"Best baguette 2010. Montmartre icon."}},
    {"type":"Feature","geometry":{"type":"Point","coordinates":[2.2876,48.8341]},"properties":{"id":"fb-17","name":"Boulangerie Véronique Mauclerc","region":"Île-de-France","address":"105 rue Raymond Losserand, 75014 Paris","type":"boulangerie","characteristics":"Organic and stone-ground. 14th arrondissement gem."}},
    {"type":"Feature","geometry":{"type":"Point","coordinates":[2.3123,48.8789]},"properties":{"id":"fb-18","name":"La Bague de Kenza","region":"Île-de-France","address":"106 rue Saint-Maur, 75011 Paris","type":"patisserie","characteristics":"Algerian-French pastries. Makrout and oriental cakes."}},
    {"type":"Feature","geometry":{"type":"Point","coordinates":[2.2654,48.8212]},"properties":{"id":"fb-19","name":"Boulangerie Bo","region":"Île-de-France","address":"85 avenue du Général Leclerc, 75014 Paris","type":"boulangerie","characteristics":"Sourdough and rye. Alésia neighbourhood."}},
    {"type":"Feature","geometry":{"type":"Point","coordinates":[2.3789,48.8923]},"properties":{"id":"fb-20","name":"Maison Landemaine","region":"Île-de-France","address":"26 rue des Martyrs, 75009 Paris","type":"boulangerie","characteristics":"Rodolphe Landemaine. Organic and natural fermentation."}},
    {"type":"Feature","geometry":{"type":"Point","coordinates":[2.0945,48.8012]},"properties":{"id":"fb-21","name":"Gontran Cherrier Versailles","region":"Île-de-France","address":"18 rue de la Paroisse, 78000 Versailles","type":"boulangerie","characteristics":"Creative baker. Coloured croissants and signature breads."}},
    {"type":"Feature","geometry":{"type":"Point","coordinates":[2.4356,48.9456]},"properties":{"id":"fb-22","name":"Boulangerie des Martyrs","region":"Île-de-France","address":"3 rue des Martyrs, 75009 Paris","type":"boulangerie","characteristics":"Neighbourhood favourite. Fresh bread and pastries daily."}},
    {"type":"Feature","geometry":{"type":"Point","coordinates":[4.832,45.764]},"properties":{"id":"fb-23","name":"Boulangerie du Palais","region":"Auvergne-Rhône-Alpes","address":"8 rue du Palais, 69002 Lyon","type":"boulangerie","characteristics":"Old Lyon. Near Place Saint-Jean. Traditional Lyonnais breads."}},
    {"type":"Feature","geometry":{"type":"Point","coordinates":[4.8268,45.7578]},"properties":{"id":"fb-24","name":"La Boulangerie de Saint-Jean","region":"Auvergne-Rhône-Alpes","address":"48 rue Saint-Jean, 69005 Lyon","type":"artisan","characteristics":"Traditional Lyonnais pain de campagne and levain."}},
    {"type":"Feature","geometry":{"type":"Point","coordinates":[4.8356,45.7589]},"properties":{"id":"fb-25","name":"Boulangerie Jocteur","region":"Auvergne-Rhône-Alpes","address":"28 rue de la République, 69002 Lyon","type":"boulangerie","characteristics":"Lyon Presqu'île. Baguette and praline brioche."}},
    {"type":"Feature","geometry":{"type":"Point","coordinates":[4.8412,45.7523]},"properties":{"id":"fb-26","name":"Pâtisserie Sébastien Bouillet","region":"Auvergne-Rhône-Alpes","address":"2 place Sathonay, 69001 Lyon","type":"patisserie","characteristics":"Lyonnais praline tarts and Saint-Genix."}},
    {"type":"Feature","geometry":{"type":"Point","coordinates":[4.8123,45.7712]},"properties":{"id":"fb-27","name":"Boulangerie Paul Bocuse","region":"Auvergne-Rhône-Alpes","address":"40 rue de la Part-Dieu, 69003 Lyon","type":"boulangerie","characteristics":"Part-Dieu. Quality breads and viennoiseries."}},
    {"type":"Feature","geometry":{"type":"Point","coordinates":[4.7891,45.7489]},"properties":{"id":"fb-28","name":"Le Pain des Collines","region":"Auvergne-Rhône-Alpes","address":"3 rue de Créqui, 69003 Lyon","type":"artisan","characteristics":"Organic and wholegrain. Croix-Rousse."}},
    {"type":"Feature","geometry":{"type":"Point","coordinates":[4.8567,45.7398]},"properties":{"id":"fb-29","name":"Boulangerie Pâtisserie Ternynck","region":"Auvergne-Rhône-Alpes","address":"18 avenue Berthelot, 69007 Lyon","type":"boulangerie","characteristics":"7th arrondissement. Traditional and modern pastries."}},
    {"type":"Feature","geometry":{"type":"Point","coordinates":[5.3698,43.2965]},"properties":{"id":"fb-30","name":"Le Four des Navettes","region":"Provence-Alpes-Côte d'Azur","address":"136 rue Sainte, 13001 Marseille","type":"boulangerie","characteristics":"Since 1781. Birthplace of navettes (orange-blossom biscuits)."}},
    {"type":"Feature","geometry":{"type":"Point","coordinates":[5.3814,43.2962]},"properties":{"id":"fb-31","name":"La Canebière","region":"Provence-Alpes-Côte d'Azur","address":"24 La Canebière, 13001 Marseille","type":"boulangerie","characteristics":"Marseille fugasse and fougasse. Iconic street."}},
    {"type":"Feature","geometry":{"type":"Point","coordinates":[5.3756,43.3012]},"properties":{"id":"fb-32","name":"Boulangerie Aixoise Marseille","region":"Provence-Alpes-Côte d'Azur","address":"52 rue Paradis, 13006 Marseille","type":"boulangerie","characteristics":"Navettes and Provençal breads. 6th arrondissement."}},
    {"type":"Feature","geometry":{"type":"Point","coordinates":[5.3623,43.2789]},"properties":{"id":"fb-33","name":"Le Petit Nice","region":"Provence-Alpes-Côte d'Azur","address":"12 cours Julien, 13006 Marseille","type":"patisserie","characteristics":"Cours Julien. Modern pastries and cakes."}},
    {"type":"Feature","geometry":{"type":"Point","coordinates":[5.3891,43.3123]},"properties":{"id":"fb-34","name":"Boulangerie du Vieux-Port","region":"Provence-Alpes-Côte d'Azur","address":"2 quai du Port, 13002 Marseille","type":"boulangerie","characteristics":"Old port area. Fresh bread and sandwiches."}},
    {"type":"Feature","geometry":{"type":"Point","coordinates":[7.262,43.7102]},"properties":{"id":"fb-35","name":"Chez Pipo","region":"Provence-Alpes-Côte d'Azur","address":"13 rue Bavastro, 06000 Nice","type":"boulangerie","characteristics":"Famous socca (chickpea crêpe). Old Nice institution."}},
    {"type":"Feature","geometry":{"type":"Point","coordinates":[7.2767,43.6959]},"properties":{"id":"fb-36","name":"Lac","region":"Provence-Alpes-Côte d'Azur","address":"4 rue de la Préfecture, 06000 Nice","type":"patisserie","characteristics":"Nice tradition. Tourte de blettes and local pastries."}},
    {"type":"Feature","geometry":{"type":"Point","coordinates":[7.2812,43.6889]},"properties":{"id":"fb-37","name":"Boulangerie Jean-Pierre","region":"Provence-Alpes-Côte d'Azur","address":"2 rue Droite, 06300 Nice","type":"boulangerie","characteristics":"Old Nice. Fougasse and pissaladière."}},
    {"type":"Feature","geometry":{"type":"Point","coordinates":[7.0189,43.5523]},"properties":{"id":"fb-38","name":"Pâtisserie L'Epi","region":"Provence-Alpes-Côte d'Azur","address":"15 rue d'Antibes, 06400 Cannes","type":"patisserie","characteristics":"Cannes. Elegant pastries and tarts."}},
    {"type":"Feature","geometry":{"type":"Point","coordinates":[7.0545,43.5812]},"properties":{"id":"fb-39","name":"Boulangerie Cannes Centre","region":"Provence-Alpes-Côte d'Azur","address":"22 rue Meynadier, 06400 Cannes","type":"boulangerie","characteristics":"Central Cannes. Baguette and Mediterranean breads."}},
    {"type":"Feature","geometry":{"type":"Point","coordinates":[4.8055,43.9492]},"properties":{"id":"fb-40","name":"Boulangerie Riederer","region":"Provence-Alpes-Côte d'Azur","address":"42 cours Mirabeau, 13100 Aix-en-Provence","type":"artisan","characteristics":"Aix. Navettes and calissons. Cours Mirabeau."}},
    {"type":"Feature","geometry":{"type":"Point","coordinates":[4.8123,43.5289]},"properties":{"id":"fb-41","name":"Boulangerie des Lices","region":"Provence-Alpes-Côte d'Azur","address":"5 place des Lices, 83990 Saint-Tropez","type":"boulangerie","characteristics":"Saint-Tropez. Tarte tropézienne and breads."}},
    {"type":"Feature","geometry":{"type":"Point","coordinates":[4.8078,43.9489]},"properties":{"id":"fb-42","name":"Maison Weibel","region":"Provence-Alpes-Côte d'Azur","address":"12 rue Espariat, 13100 Aix-en-Provence","type":"patisserie","characteristics":"Aix calissons and chocolates. Since 1879."}},
    {"type":"Feature","geometry":{"type":"Point","coordinates":[4.8012,43.8345]},"properties":{"id":"fb-43","name":"Boulangerie Avignon Centre","region":"Provence-Alpes-Côte d'Azur","address":"18 rue de la République, 84000 Avignon","type":"boulangerie","characteristics":"Avignon. Papal city breads and fougasse."}},
    {"type":"Feature","geometry":{"type":"Point","coordinates":[-0.5792,44.8378]},"properties":{"id":"fb-44","name":"Boulangerie Pascal","region":"Nouvelle-Aquitaine","address":"45 rue Sainte-Catherine, 33000 Bordeaux","type":"artisan","characteristics":"Bordeaux centre. Canelés and traditional breads."}},
    {"type":"Feature","geometry":{"type":"Point","coordinates":[-0.5764,44.8412]},"properties":{"id":"fb-45","name":"La Toque Cuivrée","region":"Nouvelle-Aquitaine","address":"16 rue Porte Dijeaux, 33000 Bordeaux","type":"patisserie","characteristics":"Canelé de Bordeaux specialist. Crisp outside, soft inside."}},
    {"type":"Feature","geometry":{"type":"Point","coordinates":[-0.5623,44.8356]},"properties":{"id":"fb-46","name":"Boulangerie Deruelle","region":"Nouvelle-Aquitaine","address":"28 rue Notre-Dame, 33000 Bordeaux","type":"boulangerie","characteristics":"Chartrons. Sourdough and campagne."}},
    {"type":"Feature","geometry":{"type":"Point","coordinates":[-0.5891,44.8489]},"properties":{"id":"fb-47","name":"Maison Baud et Millet","region":"Nouvelle-Aquitaine","address":"19 rue Huguerie, 33000 Bordeaux","type":"patisserie","characteristics":"Bordeaux pastries and canelés. Historic house."}},
    {"type":"Feature","geometry":{"type":"Point","coordinates":[-0.6012,44.8523]},"properties":{"id":"fb-48","name":"Boulangerie L'Atelier","region":"Nouvelle-Aquitaine","address":"87 cours de l'Yser, 33000 Bordeaux","type":"artisan","characteristics":"Artisan breads. Organic and long fermentation."}},
    {"type":"Feature","geometry":{"type":"Point","coordinates":[-1.5536,43.4789]},"properties":{"id":"fb-49","name":"Boulangerie Biarritz","region":"Nouvelle-Aquitaine","address":"12 avenue de la Reine Victoria, 64200 Biarritz","type":"boulangerie","characteristics":"Basque country. Gâteau basque and breads."}},
    {"type":"Feature","geometry":{"type":"Point","coordinates":[1.4365,43.6047]},"properties":{"id":"fb-50","name":"Méert","region":"Hauts-de-France","address":"27 rue Esquermoise, 59000 Lille","type":"patisserie","characteristics":"Since 1761. Famous vanilla gaufre (Méert waffle)."}},
    {"type":"Feature","geometry":{"type":"Point","coordinates":[1.4442,43.6061]},"properties":{"id":"fb-51","name":"Aux Merveilleux de Fred","region":"Hauts-de-France","address":"2 rue de la Bourse, 59000 Lille","type":"patisserie","characteristics":"Birthplace of Merveilleux. Meringue and cream."}},
    {"type":"Feature","geometry":{"type":"Point","coordinates":[1.4389,43.6089]},"properties":{"id":"fb-52","name":"Paul Lille","region":"Hauts-de-France","address":"24 place Rihour, 59000 Lille","type":"boulangerie","characteristics":"Founded 1889 in Lille. Pain au levain and viennoiseries."}},
    {"type":"Feature","geometry":{"type":"Point","coordinates":[1.4523,43.6123]},"properties":{"id":"fb-53","name":"Boulangerie Wally","region":"Hauts-de-France","address":"15 rue de Béthune, 59000 Lille","type":"boulangerie","characteristics":"Grand Place area. Flemish and French breads."}},
    {"type":"Feature","geometry":{"type":"Point","coordinates":[2.3012,49.8956]},"properties":{"id":"fb-54","name":"Boulangerie Amiens","region":"Hauts-de-France","address":"18 rue des Three Cailloux, 80000 Amiens","type":"boulangerie","characteristics":"Amiens. Picardy breads and macarons d'Amiens."}},
    {"type":"Feature","geometry":{"type":"Point","coordinates":[3.0756,50.6345]},"properties":{"id":"fb-55","name":"Boulangerie Dunkerque","region":"Hauts-de-France","address":"12 rue de la République, 59140 Dunkirk","type":"boulangerie","characteristics":"Dunkirk. Northern breads and viennoiseries."}},
    {"type":"Feature","geometry":{"type":"Point","coordinates":[7.7507,48.5734]},"properties":{"id":"fb-56","name":"Boulangerie Gilg","region":"Grand Est","address":"10 rue du Dôme, 67000 Strasbourg","type":"boulangerie","characteristics":"Strasbourg. Kougelhopf and Bretzels. Alsatian tradition."}},
    {"type":"Feature","geometry":{"type":"Point","coordinates":[7.7491,48.5816]},"properties":{"id":"fb-57","name":"Pâtisserie Christian","region":"Grand Est","address":"12 rue des Orfèvres, 67000 Strasbourg","type":"patisserie","characteristics":"Alsatian pastries. Tarte flambée sweets and tarts."}},
    {"type":"Feature","geometry":{"type":"Point","coordinates":[7.3623,48.3123]},"properties":{"id":"fb-58","name":"Boulangerie Schmidt","region":"Grand Est","address":"22 Grand Rue, 68000 Colmar","type":"boulangerie","characteristics":"Colmar. Kougelhopf and pain d'épices."}},
    {"type":"Feature","geometry":{"type":"Point","coordinates":[7.3789,48.3189]},"properties":{"id":"fb-59","name":"Pâtisserie Gilg Colmar","region":"Grand Est","address":"15 rue des Têtes, 68000 Colmar","type":"patisserie","characteristics":"Colmar old town. Alsatian cakes."}},
    {"type":"Feature","geometry":{"type":"Point","coordinates":[4.0312,49.2567]},"properties":{"id":"fb-60","name":"Boulangerie Reims","region":"Grand Est","address":"15 rue de Talleyrand, 51100 Reims","type":"boulangerie","characteristics":"Reims. Champagne region. Biscuits roses and breads."}},
    {"type":"Feature","geometry":{"type":"Point","coordinates":[6.1789,49.1234]},"properties":{"id":"fb-61","name":"Boulangerie Metz","region":"Grand Est","address":"8 rue Serpenoise, 57000 Metz","type":"boulangerie","characteristics":"Metz. Lorraine. Madeleines and brioche."}},
    {"type":"Feature","geometry":{"type":"Point","coordinates":[6.1845,49.1156]},"properties":{"id":"fb-62","name":"Pâtisserie Nancy","region":"Grand Est","address":"42 rue Henri Poincaré, 54000 Nancy","type":"patisserie","characteristics":"Nancy. Bergamotes and macarons de Nancy."}},
    {"type":"Feature","geometry":{"type":"Point","coordinates":[-1.5536,47.2184]},"properties":{"id":"fb-63","name":"Boulangerie Libert","region":"Pays de la Loire","address":"2 place du Commerce, 44000 Nantes","type":"boulangerie","characteristics":"Nantes centre. Local favourite. Breton-Nantais breads."}},
    {"type":"Feature","geometry":{"type":"Point","coordinates":[-1.5623,47.2123]},"properties":{"id":"fb-64","name":"Boulangerie Bouffay","region":"Pays de la Loire","address":"8 place du Bouffay, 44000 Nantes","type":"boulangerie","characteristics":"Bouffay quarter. Fougasse and baguette."}},
    {"type":"Feature","geometry":{"type":"Point","coordinates":[-0.5512,47.4689]},"properties":{"id":"fb-65","name":"Boulangerie Angers","region":"Pays de la Loire","address":"12 rue Lenepveu, 49100 Angers","type":"boulangerie","characteristics":"Angers. Cointreau region. Quernons and breads."}},
    {"type":"Feature","geometry":{"type":"Point","coordinates":[-1.6778,48.1173]},"properties":{"id":"fb-66","name":"Boulangerie Gâté","region":"Bretagne","address":"18 rue du Chapitre, 35000 Rennes","type":"artisan","characteristics":"Rennes. Traditional Breton butter brioche and galette."}},
    {"type":"Feature","geometry":{"type":"Point","coordinates":[-4.486,48.3905]},"properties":{"id":"fb-67","name":"Boulangerie Kerguelen","region":"Bretagne","address":"15 rue de Siam, 29200 Brest","type":"boulangerie","characteristics":"Brest. Breton butter viennoiseries. Seaside favourite."}},
    {"type":"Feature","geometry":{"type":"Point","coordinates":[-4.1023,47.9956]},"properties":{"id":"fb-68","name":"Boulangerie Quimper","region":"Bretagne","address":"8 rue du Parc, 29000 Quimper","type":"boulangerie","characteristics":"Quimper. Kouign-amann and Breton cakes."}},
    {"type":"Feature","geometry":{"type":"Point","coordinates":[-2.7623,47.6567]},"properties":{"id":"fb-69","name":"Boulangerie Vannes","region":"Bretagne","address":"12 rue des Halles, 56000 Vannes","type":"boulangerie","characteristics":"Vannes. Gulf of Morbihan. Far Breton and breads."}},
    {"type":"Feature","geometry":{"type":"Point","coordinates":[-2.0891,47.0512]},"properties":{"id":"fb-70","name":"Boulangerie Saint-Malo","region":"Bretagne","address":"8 rue du Puits, 35400 Saint-Malo","type":"boulangerie","characteristics":"Saint-Malo intra-muros. Breton butter and croissants."}},
    {"type":"Feature","geometry":{"type":"Point","coordinates":[1.6916,47.2184]},"properties":{"id":"fb-71","name":"Boulangerie Patisserie Roy","region":"Centre-Val de Loire","address":"45 rue du Commerce, 45000 Orléans","type":"boulangerie","characteristics":"Orléans. Loire valley. Traditional breads and tarts."}},
    {"type":"Feature","geometry":{"type":"Point","coordinates":[1.3234,47.4123]},"properties":{"id":"fb-72","name":"Boulangerie Tours","region":"Centre-Val de Loire","address":"22 rue du Commerce, 37000 Tours","type":"boulangerie","characteristics":"Tours. Loire châteaux. Rillettes and bread."}},
    {"type":"Feature","geometry":{"type":"Point","coordinates":[2.5812,47.3234]},"properties":{"id":"fb-73","name":"Boulangerie Bourges","region":"Centre-Val de Loire","address":"18 rue Moyenne, 18000 Bourges","type":"boulangerie","characteristics":"Bourges. Berry. Sourdough and regional specialities."}},
    {"type":"Feature","geometry":{"type":"Point","coordinates":[5.0411,47.322]},"properties":{"id":"fb-74","name":"Mulot et Petitjean","region":"Bourgogne-Franche-Comté","address":"16 place de la République, 21000 Dijon","type":"patisserie","characteristics":"Since 1796. Dijon gingerbread and pain d'épices."}},
    {"type":"Feature","geometry":{"type":"Point","coordinates":[5.0523,47.3189]},"properties":{"id":"fb-75","name":"Boulangerie Dijon Centre","region":"Bourgogne-Franche-Comté","address":"28 rue de la Liberté, 21000 Dijon","type":"boulangerie","characteristics":"Dijon. Mustard city. Traditional Burgundy breads."}},
    {"type":"Feature","geometry":{"type":"Point","coordinates":[4.8389,46.9512]},"properties":{"id":"fb-76","name":"Boulangerie Beaune","region":"Bourgogne-Franche-Comté","address":"8 rue de la République, 21200 Beaune","type":"boulangerie","characteristics":"Beaune. Wine capital. Bread and gougère."}},
    {"type":"Feature","geometry":{"type":"Point","coordinates":[6.0234,47.2456]},"properties":{"id":"fb-77","name":"Boulangerie Besançon","region":"Bourgogne-Franche-Comté","address":"12 Grande Rue, 25000 Besançon","type":"boulangerie","characteristics":"Besançon. Franche-Comté. Cancoillotte and breads."}},
    {"type":"Feature","geometry":{"type":"Point","coordinates":[3.8767,43.6108]},"properties":{"id":"fb-78","name":"Boulangerie Saint-Roch","region":"Occitanie","address":"3 rue Foch, 34000 Montpellier","type":"boulangerie","characteristics":"Montpellier. Mediterranean fougasse and breads."}},
    {"type":"Feature","geometry":{"type":"Point","coordinates":[1.4437,43.6047]},"properties":{"id":"fb-79","name":"Boulangerie Toulousaine","region":"Occitanie","address":"15 rue du Taur, 31000 Toulouse","type":"boulangerie","characteristics":"Toulouse. South-west. Ficelle and pain aux noix."}},
    {"type":"Feature","geometry":{"type":"Point","coordinates":[2.895,42.6986]},"properties":{"id":"fb-80","name":"Boulangerie Castillon","region":"Occitanie","address":"15 rue de la République, 66000 Perpignan","type":"boulangerie","characteristics":"Perpignan. Catalan pa de quart and cocas."}},
    {"type":"Feature","geometry":{"type":"Point","coordinates":[2.4512,43.6123]},"properties":{"id":"fb-81","name":"Boulangerie Carcassonne","region":"Occitanie","address":"32 rue de la République, 11000 Carcassonne","type":"boulangerie","characteristics":"Carcassonne. Citadel. Languedoc breads."}},
    {"type":"Feature","geometry":{"type":"Point","coordinates":[1.6123,43.5345]},"properties":{"id":"fb-82","name":"Boulangerie Nîmes","region":"Occitanie","address":"10 rue de l'Aspic, 30000 Nîmes","type":"boulangerie","characteristics":"Nîmes. Croquants and fougasse. Roman city."}},
    {"type":"Feature","geometry":{"type":"Point","coordinates":[1.8234,43.6012]},"properties":{"id":"fb-83","name":"Boulangerie Albi","region":"Occitanie","address":"18 rue Mariès, 81000 Albi","type":"boulangerie","characteristics":"Albi. Red brick city. Tarn specialities."}},
    {"type":"Feature","geometry":{"type":"Point","coordinates":[0.1192,49.4944]},"properties":{"id":"fb-84","name":"Boulangerie Normande","region":"Normandie","address":"45 rue des Carmes, 76000 Rouen","type":"artisan","characteristics":"Rouen. Normandy butter and apple pastries."}},
    {"type":"Feature","geometry":{"type":"Point","coordinates":[-0.3789,49.6234]},"properties":{"id":"fb-85","name":"Boulangerie Le Havre","region":"Normandie","address":"82 rue de Paris, 76600 Le Havre","type":"boulangerie","characteristics":"Le Havre. Rebuilt port. Traditional breads."}},
    {"type":"Feature","geometry":{"type":"Point","coordinates":[-1.6123,49.6345]},"properties":{"id":"fb-86","name":"Boulangerie Caen","region":"Normandie","address":"12 rue de Strasbourg, 14000 Caen","type":"boulangerie","characteristics":"Caen. Calvados. Teurgoule and Norman breads."}},
    {"type":"Feature","geometry":{"type":"Point","coordinates":[-1.6234,49.2789]},"properties":{"id":"fb-87","name":"Boulangerie Bayeux","region":"Normandie","address":"8 rue Saint-Jean, 14400 Bayeux","type":"boulangerie","characteristics":"Bayeux. Tapestry town. Butter and cream pastries."}},
    {"type":"Feature","geometry":{"type":"Point","coordinates":[9.45,42.6977]},"properties":{"id":"fb-88","name":"Boulangerie Corse","region":"Corse","address":"Rue Colonel Colonna d'Ornano, 20000 Ajaccio","type":"artisan","characteristics":"Ajaccio. Corsican chestnut bread and fugacciu."}},
    {"type":"Feature","geometry":{"type":"Point","coordinates":[9.4523,42.7012]},"properties":{"id":"fb-89","name":"Boulangerie Bastia","region":"Corse","address":"12 boulevard Paoli, 20200 Bastia","type":"boulangerie","characteristics":"Bastia. Corsican canistrelli and breads."}},
    {"type":"Feature","geometry":{"type":"Point","coordinates":[5.7301,45.1885]},"properties":{"id":"fb-90","name":"Boulangerie Grenoble","region":"Auvergne-Rhône-Alpes","address":"18 rue Lafayette, 38000 Grenoble","type":"boulangerie","characteristics":"Grenoble. Walnut bread and nut specialities."}},
    {"type":"Feature","geometry":{"type":"Point","coordinates":[3.0823,45.7789]},"properties":{"id":"fb-91","name":"Boulangerie Clermont","region":"Auvergne-Rhône-Alpes","address":"22 place de la Victoire, 63000 Clermont-Ferrand","type":"boulangerie","characteristics":"Clermont-Ferrand. Auvergne. Fourme and breads."}},
    {"type":"Feature","geometry":{"type":"Point","coordinates":[4.6234,45.4345]},"properties":{"id":"fb-92","name":"Boulangerie Valence","region":"Auvergne-Rhône-Alpes","address":"15 rue du Commerce, 26000 Valence","type":"boulangerie","characteristics":"Valence. Drôme. Suisse and pogne."}},
    {"type":"Feature","geometry":{"type":"Point","coordinates":[4.6012,45.5123]},"properties":{"id":"fb-93","name":"Boulangerie Annecy","region":"Auvergne-Rhône-Alpes","address":"12 rue Royale, 74000 Annecy","type":"boulangerie","characteristics":"Annecy. Savoie. Reblochon and bread. Lake region."}},
    {"type":"Feature","geometry":{"type":"Point","coordinates":[6.8678,45.9234]},"properties":{"id":"fb-94","name":"Boulangerie Chamonix","region":"Auvergne-Rhône-Alpes","address":"74 rue du Docteur Paccard, 74400 Chamonix","type":"boulangerie","characteristics":"Chamonix. Alpine breads and crozets."}},
    {"type":"Feature","geometry":{"type":"Point","coordinates":[2.6023,48.8689]},"properties":{"id":"fb-95","name":"Boulangerie Fontainebleau","region":"Île-de-France","address":"42 rue Grande, 77300 Fontainebleau","type":"boulangerie","characteristics":"Fontainebleau. Forest town. Traditional baguette."}},
    {"type":"Feature","geometry":{"type":"Point","coordinates":[2.4456,48.9456]},"properties":{"id":"fb-96","name":"Boulangerie Saint-Denis","region":"Île-de-France","address":"12 rue de la République, 93200 Saint-Denis","type":"boulangerie","characteristics":"Saint-Denis. Basilica. Multicultural breads."}},
    {"type":"Feature","geometry":{"type":"Point","coordinates":[2.2678,48.7234]},"properties":{"id":"fb-97","name":"Boulangerie Orsay","region":"Île-de-France","address":"8 rue de la Paix, 91400 Orsay","type":"boulangerie","characteristics":"Orsay. South Paris. Quiet neighbourhood bakery."}},
    {"type":"Feature","geometry":{"type":"Point","coordinates":[2.4123,48.9567]},"properties":{"id":"fb-98","name":"Boulangerie Enghien","region":"Île-de-France","address":"22 rue du Départ, 95880 Enghien-les-Bains","type":"boulangerie","characteristics":"Enghien-les-Bains. Lake town. Pastries and bread."}},
    {"type":"Feature","geometry":{"type":"Point","coordinates":[2.5234,48.8012]},"properties":{"id":"fb-99","name":"Boulangerie Meaux","region":"Île-de-France","address":"18 rue Saint-Rémy, 77100 Meaux","type":"boulangerie","characteristics":"Meaux. Brie region. Cheese and bread."}},
    {"type":"Feature","geometry":{"type":"Point","coordinates":[2.3891,48.7123]},"properties":{"id":"fb-100","name":"La Mie Câline Évry","region":"Île-de-France","address":"12 place des Droits de l'Homme, 91000 Évry","type":"boulangerie","characteristics":"Évry. New town. Reliable baguette and viennoiseries."}},
    {"type":"Feature","geometry":{"type":"Point","coordinates":[5.7234,45.1923]},"properties":{"id":"fb-101","name":"Pâtisserie Patrice Chavet","region":"Auvergne-Rhône-Alpes","address":"3 place Grenette, 38000 Grenoble","type":"patisserie","characteristics":"Grenoble. Saint-Honoré and walnut cake."}},
    {"type":"Feature","geometry":{"type":"Point","coordinates":[4.8512,45.7612]},"properties":{"id":"fb-102","name":"Les Halles de Lyon Paul Bocuse","region":"Auvergne-Rhône-Alpes","address":"102 cours Lafayette, 69003 Lyon","type":"boulangerie","characteristics":"Lyon food hall. Multiple bakers and pâtissiers."}},
    {"type":"Feature","geometry":{"type":"Point","coordinates":[5.3589,43.2891]},"properties":{"id":"fb-103","name":"Boulangerie Le Panier","region":"Provence-Alpes-Côte d'Azur","address":"2 rue du Panier, 13002 Marseille","type":"boulangerie","characteristics":"Le Panier quarter. Old Marseille. Navettes."}},
    {"type":"Feature","geometry":{"type":"Point","coordinates":[-0.6012,44.8489]},"properties":{"id":"fb-104","name":"Boulangerie des Chartrons","region":"Nouvelle-Aquitaine","address":"23 rue Notre-Dame, 33000 Bordeaux","type":"boulangerie","characteristics":"Chartrons. Wine quarter. Canelé and bread."}},
    {"type":"Feature","geometry":{"type":"Point","coordinates":[7.2845,43.6923]},"properties":{"id":"fb-105","name":"Boulangerie Vieux Nice","region":"Provence-Alpes-Côte d'Azur","address":"5 rue Sainte-Réparate, 06300 Nice","type":"boulangerie","characteristics":"Old Nice. Socca and pissaladière. Narrow streets."}},
    {"type":"Feature","geometry":{"type":"Point","coordinates":[1.4289,43.5989]},"properties":{"id":"fb-106","name":"Boulangerie Wazemmes","region":"Hauts-de-France","address":"1 place de la Nouvelle Aventure, 59000 Lille","type":"boulangerie","characteristics":"Wazemmes market. Multicultural Lille. Bread and pastries."}},
    {"type":"Feature","geometry":{"type":"Point","coordinates":[7.7545,48.5789]},"properties":{"id":"fb-107","name":"Boulangerie Petite France","region":"Grand Est","address":"8 rue des Moulins, 67000 Strasbourg","type":"boulangerie","characteristics":"Petite France. Half-timbered quarter. Kougelhopf."}},
    {"type":"Feature","geometry":{"type":"Point","coordinates":[-1.5589,47.2145]},"properties":{"id":"fb-108","name":"Boulangerie Talensac","region":"Pays de la Loire","address":"Talensac Market, 44000 Nantes","type":"boulangerie","characteristics":"Talensac market. Nantes. Local bread and butter cake."}},
    {"type":"Feature","geometry":{"type":"Point","coordinates":[-1.6823,48.1156]},"properties":{"id":"fb-109","name":"Marché des Lices Rennes","region":"Bretagne","address":"Place des Lices, 35000 Rennes","type":"boulangerie","characteristics":"Saturday market. Rennes. Breton galette and bread."}},
    {"type":"Feature","geometry":{"type":"Point","coordinates":[3.8823,43.6145]},"properties":{"id":"fb-110","name":"Boulangerie Antigone","region":"Occitanie","address":"Place du Nombre d'Or, 34000 Montpellier","type":"boulangerie","characteristics":"Antigone. Montpellier. Modern quarter. Fougasse."}},
    {"type":"Feature","geometry":{"type":"Point","coordinates":[5.0489,47.3189]},"properties":{"id":"fb-111","name":"Boulangerie Zola Dijon","region":"Bourgogne-Franche-Comté","address":"20 rue Zola, 21000 Dijon","type":"boulangerie","characteristics":"Dijon. Nonnette and pain d'épices. Mustard city."}},
    {"type":"Feature","geometry":{"type":"Point","coordinates":[0.1256,49.4989]},"properties":{"id":"fb-112","name":"Boulangerie Gros-Horloge","region":"Normandie","address":"Rue du Gros-Horloge, 76000 Rouen","type":"boulangerie","characteristics":"Rouen. Gros-Horloge. Norman butter and apple."}},
    {"type":"Feature","geometry":{"type":"Point","coordinates":[2.3012,48.8765]},"properties":{"id":"fb-113","name":"Boulangerie des Archives","region":"Île-de-France","address":"60 rue des Archives, 75003 Paris","type":"boulangerie","characteristics":"Marais. Paris 3. Jewish quarter. Bagels and bread."}},
    {"type":"Feature","geometry":{"type":"Point","coordinates":[2.3789,48.8689]},"properties":{"id":"fb-114","name":"Boulangerie Bastille","region":"Île-de-France","address":"1 rue de la Roquette, 75011 Paris","type":"boulangerie","characteristics":"Bastille. Paris 11. Baguette and morning pastries."}},
    {"type":"Feature","geometry":{"type":"Point","coordinates":[2.3456,48.8234]},"properties":{"id":"fb-115","name":"Boulangerie Montparnasse","region":"Île-de-France","address":"85 avenue du Maine, 75014 Paris","type":"boulangerie","characteristics":"Montparnasse. Paris 14. Breton and classic breads."}},
    {"type":"Feature","geometry":{"type":"Point","coordinates":[2.4123,48.8789]},"properties":{"id":"fb-116","name":"Boulangerie République","region":"Île-de-France","address":"12 place de la République, 75011 Paris","type":"boulangerie","characteristics":"République. Paris 11. Busy square. Reliable bread."}},
    {"type":"Feature","geometry":{"type":"Point","coordinates":[2.3567,48.8912]},"properties":{"id":"fb-117","name":"Boulangerie Canal Saint-Martin","region":"Île-de-France","address":"2 quai de Valmy, 75010 Paris","type":"boulangerie","characteristics":"Canal Saint-Martin. Paris 10. Hipster croissants."}},
    {"type":"Feature","geometry":{"type":"Point","coordinates":[2.3234,48.8456]},"properties":{"id":"fb-118","name":"Boulangerie Luxembourg","region":"Île-de-France","address":"18 rue Soufflot, 75005 Paris","type":"boulangerie","characteristics":"Near Luxembourg. Paris 5. Students and professors."}},
    {"type":"Feature","geometry":{"type":"Point","coordinates":[2.2678,48.8345]},"properties":{"id":"fb-119","name":"Boulangerie Denfert","region":"Île-de-France","address":"45 avenue du Général Leclerc, 75014 Paris","type":"boulangerie","characteristics":"Denfert-Rochereau. Paris 14. Lion square. Daily bread."}},
    {"type":"Feature","geometry":{"type":"Point","coordinates":[2.3891,48.8234]},"properties":{"id":"fb-120","name":"Boulangerie Nation","region":"Île-de-France","address":"2 place de la Nation, 75011 Paris","type":"boulangerie","characteristics":"Nation. Paris 11/12. Large square. Traditional bakery."}},
    {"type":"Feature","geometry":{"type":"Point","coordinates":[2.3589,48.8623]},"properties":{"id":"fb-121","name":"Chez Martine","region":"Île-de-France","address":"14 rue du Roi de Sicile, 75004 Paris","type":"boulangerie","characteristics":"Small family-run bakery in the Marais. Regulars only. Baguette and simple viennoiseries."}},
    {"type":"Feature","geometry":{"type":"Point","coordinates":[2.3712,48.8556]},"properties":{"id":"fb-122","name":"Au Petit Four","region":"Île-de-France","address":"98 rue Saint-Antoine, 75004 Paris","type":"boulangerie","characteristics":"One-man operation. Opens at 6. Neighbourhood favourite. No website, word of mouth."}},
    {"type":"Feature","geometry":{"type":"Point","coordinates":[2.3489,48.8689]},"properties":{"id":"fb-123","name":"Le Fournil des Récollets","region":"Île-de-France","address":"7 rue des Récollets, 75010 Paris","type":"boulangerie","characteristics":"Tiny local bakery. Canal area. Owner-baker. Sourdough and croissants."}},
    {"type":"Feature","geometry":{"type":"Point","coordinates":[2.3245,48.8812]},"properties":{"id":"fb-124","name":"Boulangerie Dupont","region":"Île-de-France","address":"52 rue des Martyrs, 75009 Paris","type":"boulangerie","characteristics":"Family name above the door since the 1970s. Same family, same recipes. Local regulars."}},
    {"type":"Feature","geometry":{"type":"Point","coordinates":[2.3989,48.8389]},"properties":{"id":"fb-125","name":"La Miche","region":"Île-de-France","address":"31 rue de la Convention, 75015 Paris","type":"boulangerie","characteristics":"Small artisan shop. One baker. Big round loaves and country bread. Quiet street."}},
    {"type":"Feature","geometry":{"type":"Point","coordinates":[2.4123,48.8723]},"properties":{"id":"fb-126","name":"Chez Jean-Luc","region":"Île-de-France","address":"18 rue de la Roquette, 75011 Paris","type":"boulangerie","characteristics":"Jean-Luc runs it alone with his wife. Morning rush, then calm. Baguette tradition."}},
    {"type":"Feature","geometry":{"type":"Point","coordinates":[2.2789,48.8289]},"properties":{"id":"fb-127","name":"Le Pain de Sophie","region":"Île-de-France","address":"22 rue d'Alésia, 75014 Paris","type":"boulangerie","characteristics":"Sophie’s small bakery. Organic flour, no additives. Regulars from the block."}},
    {"type":"Feature","geometry":{"type":"Point","coordinates":[2.3456,48.8912]},"properties":{"id":"fb-128","name":"Pâtisserie Chez Marie","region":"Île-de-France","address":"5 rue de la Fontaine au Roi, 75011 Paris","type":"patisserie","characteristics":"Marie does everything: tarts, cakes, a few breads. Tiny shop, big heart."}},
    {"type":"Feature","geometry":{"type":"Point","coordinates":[2.3012,48.8656]},"properties":{"id":"fb-129","name":"Boulangerie Bernard","region":"Île-de-France","address":"44 rue du Faubourg Poissonnière, 75010 Paris","type":"boulangerie","characteristics":"Bernard and his son. Two generations. Classic baguette and campagne. No fuss."}},
    {"type":"Feature","geometry":{"type":"Point","coordinates":[2.0945,48.7989]},"properties":{"id":"fb-130","name":"Le Fournil de Versailles","region":"Île-de-France","address":"8 rue du Maréchal Foch, 78000 Versailles","type":"boulangerie","characteristics":"Local bakery near the château. Family-run. Tourists and neighbours alike."}},
    {"type":"Feature","geometry":{"type":"Point","coordinates":[4.8189,45.7623]},"properties":{"id":"fb-131","name":"Chez le Père François","region":"Auvergne-Rhône-Alpes","address":"22 rue du Boeuf, 69005 Lyon","type":"boulangerie","characteristics":"Traboules area. François has been baking for 40 years. Lyonnais bread and praline brioche."}},
    {"type":"Feature","geometry":{"type":"Point","coordinates":[4.8023,45.7589]},"properties":{"id":"fb-132","name":"La Petite Boulangerie","region":"Auvergne-Rhône-Alpes","address":"5 montée du Gourguillon, 69005 Lyon","type":"boulangerie","characteristics":"Tiny shop on the hill. One baker. Croix-Rousse regulars. Pain de campagne."}},
    {"type":"Feature","geometry":{"type":"Point","coordinates":[4.8489,45.7456]},"properties":{"id":"fb-133","name":"Boulangerie Michel","region":"Auvergne-Rhône-Alpes","address":"12 rue de Sèze, 69006 Lyon","type":"boulangerie","characteristics":"Michel and his wife. 6th arrondissement. No chain. Simple, good bread."}},
    {"type":"Feature","geometry":{"type":"Point","coordinates":[5.3656,43.2989]},"properties":{"id":"fb-134","name":"Chez Mireille","region":"Provence-Alpes-Côte d'Azur","address":"34 rue Longue des Capucins, 13001 Marseille","type":"boulangerie","characteristics":"Mireille’s place in Noailles. Market crowd. Fougasse and navettes. Very local."}},
    {"type":"Feature","geometry":{"type":"Point","coordinates":[5.3789,43.2889]},"properties":{"id":"fb-135","name":"Le Four de la Plaine","region":"Provence-Alpes-Côte d'Azur","address":"28 rue du Rouet, 13008 Marseille","type":"boulangerie","characteristics":"Neighbourhood bakery. La Plaine. One owner-baker. Bread and a few pastries."}},
    {"type":"Feature","geometry":{"type":"Point","coordinates":[7.2689,43.6989]},"properties":{"id":"fb-136","name":"Chez Titi","region":"Provence-Alpes-Côte d'Azur","address":"8 rue Bavastro, 06000 Nice","type":"boulangerie","characteristics":"Titi’s tiny shop in Old Nice. Socca and pissaladière. Regulars from the quartier."}},
    {"type":"Feature","geometry":{"type":"Point","coordinates":[7.2589,43.7123]},"properties":{"id":"fb-137","name":"Boulangerie du Marché","region":"Provence-Alpes-Côte d'Azur","address":"Cours Saleya, 06000 Nice","type":"boulangerie","characteristics":"Stall and small shop by the flower market. Family-run. Morning bread for the market."}},
    {"type":"Feature","geometry":{"type":"Point","coordinates":[-0.5689,44.8398]},"properties":{"id":"fb-138","name":"Chez Pascal (Chartrons)","region":"Nouvelle-Aquitaine","address":"45 rue Notre-Dame, 33000 Bordeaux","type":"boulangerie","characteristics":"Different Pascal—small local in Chartrons. Canelé and baguette. Neighbourhood only."}},
    {"type":"Feature","geometry":{"type":"Point","coordinates":[-0.5923,44.8456]},"properties":{"id":"fb-139","name":"Le Fournil de la Victoire","region":"Nouvelle-Aquitaine","address":"18 place de la Victoire, 33000 Bordeaux","type":"boulangerie","characteristics":"Near the university. Student and local favourite. Family bakery, two generations."}},
    {"type":"Feature","geometry":{"type":"Point","coordinates":[1.4423,43.6023]},"properties":{"id":"fb-140","name":"Boulangerie du Vieux-Lille","region":"Hauts-de-France","address":"4 rue de la Monnaie, 59000 Lille","type":"boulangerie","characteristics":"Small shop in old Lille. Family-run. Flemish and French breads. No chain."}},
    {"type":"Feature","geometry":{"type":"Point","coordinates":[1.4489,43.6189]},"properties":{"id":"fb-141","name":"Chez André","region":"Hauts-de-France","address":"12 rue de Wazemmes, 59000 Lille","type":"boulangerie","characteristics":"André’s bakery. Wazemmes. Multicultural quarter. Bread for everyone."}},
    {"type":"Feature","geometry":{"type":"Point","coordinates":[7.7489,48.5767]},"properties":{"id":"fb-142","name":"Au Pain de Marguerite","region":"Grand Est","address":"6 rue du Vieux-Marché-aux-Poissons, 67000 Strasbourg","type":"boulangerie","characteristics":"Marguerite and her daughter. Petite France. Kougelhopf and baguette. Very local."}},
    {"type":"Feature","geometry":{"type":"Point","coordinates":[7.7556,48.5689]},"properties":{"id":"fb-143","name":"Le Petit Four Alsacien","region":"Grand Est","address":"14 rue des Juifs, 67000 Strasbourg","type":"boulangerie","characteristics":"Tiny Alsatian bakery. Bretzel and pain. One baker. Word of mouth."}},
    {"type":"Feature","geometry":{"type":"Point","coordinates":[-1.5489,47.2156]},"properties":{"id":"fb-144","name":"Boulangerie Chez Hélène","region":"Pays de la Loire","address":"6 rue du Calvaire, 44000 Nantes","type":"boulangerie","characteristics":"Hélène’s place. Bouffay. Butter croissants and baguette. Neighbourhood regulars."}},
    {"type":"Feature","geometry":{"type":"Point","coordinates":[-1.5689,47.2089]},"properties":{"id":"fb-145","name":"Le Fournil Nantais","region":"Pays de la Loire","address":"2 impasse Saint-Léonard, 44000 Nantes","type":"boulangerie","characteristics":"Small local fournil. Hidden street. Owner-baker. Nantes specialities."}},
    {"type":"Feature","geometry":{"type":"Point","coordinates":[-1.6723,48.1189]},"properties":{"id":"fb-146","name":"Chez Yann","region":"Bretagne","address":"8 rue Saint-Michel, 35000 Rennes","type":"boulangerie","characteristics":"Yann’s bakery. Breton butter, galette, kouign-amann. Family-run, centre-ville."}},
    {"type":"Feature","geometry":{"type":"Point","coordinates":[-1.6889,48.1123]},"properties":{"id":"fb-147","name":"La Boulangerie du Coin","region":"Bretagne","address":"22 rue de la Monnaie, 35000 Rennes","type":"boulangerie","characteristics":"“The bakery on the corner.” Local favourite. Simple and good. No website."}},
    {"type":"Feature","geometry":{"type":"Point","coordinates":[-4.4923,48.3889]},"properties":{"id":"fb-148","name":"Boulangerie Le Gall","region":"Bretagne","address":"8 rue de Lyon, 29200 Brest","type":"boulangerie","characteristics":"Family name Le Gall. Brest. Breton breads. Seaside locals."}},
    {"type":"Feature","geometry":{"type":"Point","coordinates":[1.4489,43.6067]},"properties":{"id":"fb-149","name":"Au Pain Doré","region":"Occitanie","address":"12 rue du Taur, 31000 Toulouse","type":"boulangerie","characteristics":"Small shop near Capitole. Family-run. Ficelle and pain aux noix. Toulouse regulars."}},
    {"type":"Feature","geometry":{"type":"Point","coordinates":[1.4389,43.6123]},"properties":{"id":"fb-150","name":"Chez Pierre (Toulouse)","region":"Occitanie","address":"6 place du Capitole, 31000 Toulouse","type":"boulangerie","characteristics":"Pierre’s place. Heart of Toulouse. One baker, morning only. Local reputation."}},
    {"type":"Feature","geometry":{"type":"Point","coordinates":[3.8789,43.6089]},"properties":{"id":"fb-151","name":"La Miche Montpellieraine","region":"Occitanie","address":"9 rue de la Loge, 34000 Montpellier","type":"boulangerie","characteristics":"Small local bakery. Ecusson. Fougasse and campagne. Family operation."}},
    {"type":"Feature","geometry":{"type":"Point","coordinates":[3.8689,43.6189]},"properties":{"id":"fb-152","name":"Boulangerie des Arceaux","region":"Occitanie","address":"2 rue des Arceaux, 34000 Montpellier","type":"boulangerie","characteristics":"Under the aqueduct. Neighbourhood bakery. One owner. Bread and viennoiseries."}},
    {"type":"Feature","geometry":{"type":"Point","coordinates":[5.0389,47.3245]},"properties":{"id":"fb-153","name":"Chez la Mère Michaud","region":"Bourgogne-Franche-Comté","address":"8 rue des Forges, 21000 Dijon","type":"boulangerie","characteristics":"“Mother Michaud”—local nickname. Dijon. Pain d’épices and baguette. Family shop."}},
    {"type":"Feature","geometry":{"type":"Point","coordinates":[5.0589,47.3156]},"properties":{"id":"fb-154","name":"Le Four à Pain","region":"Bourgogne-Franche-Comté","address":"14 rue Musette, 21000 Dijon","type":"boulangerie","characteristics":"Small four à pain. Quiet street. One baker. Burgundy breads."}},
    {"type":"Feature","geometry":{"type":"Point","coordinates":[0.1123,49.4923]},"properties":{"id":"fb-155","name":"Boulangerie Madame Lefebvre","region":"Normandie","address":"28 rue Eau de Robec, 76000 Rouen","type":"boulangerie","characteristics":"Madame Lefebvre and her husband. Old Rouen. Norman butter and apple. Very local."}},
    {"type":"Feature","geometry":{"type":"Point","coordinates":[0.1289,49.5012]},"properties":{"id":"fb-156","name":"Au Petit Boulanger","region":"Normandie","address":"5 rue des Carmes, 76000 Rouen","type":"boulangerie","characteristics":"“The little baker.” Small shop. Rouen regulars. Simple baguette and croissant."}},
    {"type":"Feature","geometry":{"type":"Point","coordinates":[4.8123,43.9489]},"properties":{"id":"fb-157","name":"Chez Claudine","region":"Provence-Alpes-Côte d'Azur","address":"18 rue Thiers, 13100 Aix-en-Provence","type":"patisserie","characteristics":"Claudine’s pâtisserie. Aix. Calissons and tarts. Small, family-run."}},
    {"type":"Feature","geometry":{"type":"Point","coordinates":[4.7989,43.8423]},"properties":{"id":"fb-158","name":"Le Four du Ventoux","region":"Provence-Alpes-Côte d'Azur","address":"12 rue de la République, 84000 Avignon","type":"boulangerie","characteristics":"Local bakery near the Palais. Avignon. Fougasse and bread. One owner-baker."}},
    {"type":"Feature","geometry":{"type":"Point","coordinates":[7.3689,48.3089]},"properties":{"id":"fb-159","name":"Boulangerie Klein","region":"Grand Est","address":"8 rue des Tanneurs, 68000 Colmar","type":"boulangerie","characteristics":"Family Klein. Colmar old town. Kougelhopf and Bretzel. Small, traditional."}},
    {"type":"Feature","geometry":{"type":"Point","coordinates":[4.0289,49.2545]},"properties":{"id":"fb-160","name":"Chez Marc (Reims)","region":"Grand Est","address":"22 rue de Mars, 51100 Reims","type":"boulangerie","characteristics":"Marc’s bakery. Reims. Biscuits roses and bread. Champagne region regulars."}},
    {"type":"Feature","geometry":{"type":"Point","coordinates":[5.7289,45.1867]},"properties":{"id":"fb-161","name":"Le Fournil de la Place","region":"Auvergne-Rhône-Alpes","address":"8 place Grenette, 38000 Grenoble","type":"boulangerie","characteristics":"Small bakery on the square. Grenoble. Walnut bread. Family-run."}},
    {"type":"Feature","geometry":{"type":"Point","coordinates":[-0.5589,47.4656]},"properties":{"id":"fb-162","name":"Boulangerie du Château","region":"Pays de la Loire","address":"6 rue Lenepveu, 49100 Angers","type":"boulangerie","characteristics":"Near the château. Angers. Local favourite. Quernons and bread. Family shop."}},
    {"type":"Feature","geometry":{"type":"Point","coordinates":[1.6989,47.2167]},"properties":{"id":"fb-163","name":"Chez la Famille Martin","region":"Centre-Val de Loire","address":"12 rue de la République, 45000 Orléans","type":"boulangerie","characteristics":"The Martin family. Orléans. Loire breads. Several generations. Very local."}},
    {"type":"Feature","geometry":{"type":"Point","coordinates":[2.8934,42.7023]},"properties":{"id":"fb-164","name":"Boulangerie Soler","region":"Occitanie","address":"8 rue de la Cloche d'Or, 66000 Perpignan","type":"boulangerie","characteristics":"Family Soler. Perpignan. Catalan breads. Small shop, big local reputation."}},
    {"type":"Feature","geometry":{"type":"Point","coordinates":[9.4489,42.6956]},"properties":{"id":"fb-165","name":"Chez Antoine","region":"Corse","address":"4 cours Napoléon, 20000 Ajaccio","type":"boulangerie","characteristics":"Antoine’s place. Ajaccio. Corsican bread and canistrelli. Small, family-run."}}
  ]
}
