[
  {"type":"Feature","geometry":{"type":"Point","coordinates":[-1.5114,48.6361]},"properties":{"id":"fb-166","name":"Boulangerie du Mont Saint-Michel","region":"Normandie","address":"Grande Rue, 50170 Le Mont-Saint-Michel","type":"boulangerie","characteristics":"Mont Saint-Michel. Pilgrim and tourist favourite. Traditional Norman breads."}},
  {"type":"Feature","geometry":{"type":"Point","coordinates":[-1.5089,48.6345]},"properties":{"id":"fb-167","name":"La Mère Poulard","region":"Normandie","address":"Grande Rue, 50170 Le Mont-Saint-Michel","type":"boulangerie","characteristics":"Legendary omelette house. Also bread and butter. Iconic Mont Saint-Michel."}},
  {"type":"Feature","geometry":{"type":"Point","coordinates":[0.2322,49.4198]},"properties":{"id":"fb-168","name":"Boulangerie Honfleur","region":"Normandie","address":"28 rue de la République, 14600 Honfleur","type":"boulangerie","characteristics":"Honfleur harbour. Norman butter and apple. Pain brié and croissants."}},
  {"type":"Feature","geometry":{"type":"Point","coordinates":[0.0812,49.3589]},"properties":{"id":"fb-169","name":"Boulangerie Deauville","region":"Normandie","address":"42 rue Eugène Colas, 14800 Deauville","type":"boulangerie","characteristics":"Deauville. Seaside resort. Elegant pastries and baguette."}},
  {"type":"Feature","geometry":{"type":"Point","coordinates":[0.2052,49.7072]},"properties":{"id":"fb-170","name":"Boulangerie Étretat","region":"Normandie","address":"18 rue du Général de Gaulle, 76790 Étretat","type":"boulangerie","characteristics":"Étretat cliffs. Norman seaside. Butter and cream pastries."}},
  {"type":"Feature","geometry":{"type":"Point","coordinates":[1.5312,49.0762]},"properties":{"id":"fb-171","name":"Boulangerie Giverny","region":"Normandie","address":"82 rue Claude Monet, 27620 Giverny","type":"boulangerie","characteristics":"Giverny. Monet's village. Country bread and tarts for visitors."}},
  {"type":"Feature","geometry":{"type":"Point","coordinates":[1.4877,48.4472]},"properties":{"id":"fb-172","name":"Boulangerie Chartres","region":"Centre-Val de Loire","address":"12 rue du Soleil d'Or, 28000 Chartres","type":"boulangerie","characteristics":"Chartres cathedral. Loire breads. Pilgrim and tourist stop."}},
  {"type":"Feature","geometry":{"type":"Point","coordinates":[0.9823,47.4123]},"properties":{"id":"fb-173","name":"Boulangerie Amboise","region":"Centre-Val de Loire","address":"22 rue Nationale, 37400 Amboise","type":"boulangerie","characteristics":"Amboise. Loire châteaux. Rillettes and bread. Tourist favourite."}},
  {"type":"Feature","geometry":{"type":"Point","coordinates":[1.0712,47.3245]},"properties":{"id":"fb-174","name":"Boulangerie Chenonceaux","region":"Centre-Val de Loire","address":"Rue du Château, 37150 Chenonceaux","type":"boulangerie","characteristics":"Near Château de Chenonceau. Village bakery. Loire valley breads."}},
  {"type":"Feature","geometry":{"type":"Point","coordinates":[1.5172,47.6162]},"properties":{"id":"fb-175","name":"Boulangerie Chambord","region":"Centre-Val de Loire","address":"Place du Château, 41250 Chambord","type":"boulangerie","characteristics":"Chambord village. Loire château area. Sologne breads."}},
  {"type":"Feature","geometry":{"type":"Point","coordinates":[1.6234,44.8012]},"properties":{"id":"fb-176","name":"Boulangerie Rocamadour","region":"Occitanie","address":"Rue de la Couronnerie, 46500 Rocamadour","type":"boulangerie","characteristics":"Rocamadour. Cliff village. Pilgrim and tourist bread. Walnut cake."}},
  {"type":"Feature","geometry":{"type":"Point","coordinates":[1.2156,44.8892]},"properties":{"id":"fb-177","name":"Boulangerie Sarlat","region":"Nouvelle-Aquitaine","address":"8 rue de la République, 24200 Sarlat-la-Canéda","type":"boulangerie","characteristics":"Sarlat. Dordogne. Walnut bread and noix. Medieval town favourite."}},
  {"type":"Feature","geometry":{"type":"Point","coordinates":[-0.0502,43.0942]},"properties":{"id":"fb-178","name":"Boulangerie Lourdes","region":"Occitanie","address":"18 rue de la Grotte, 65100 Lourdes","type":"boulangerie","characteristics":"Lourdes. Pilgrim city. Simple bread and pastries for visitors."}},
  {"type":"Feature","geometry":{"type":"Point","coordinates":[-2.0502,48.4512]},"properties":{"id":"fb-179","name":"Boulangerie Dinan","region":"Bretagne","address":"8 rue du Jerzual, 22100 Dinan","type":"boulangerie","characteristics":"Dinan. Medieval town. Breton butter and kouign-amann."}},
  {"type":"Feature","geometry":{"type":"Point","coordinates":[-3.9234,47.8756]},"properties":{"id":"fb-180","name":"Boulangerie Concarneau","region":"Bretagne","address":"2 rue Vauban, 29900 Concarneau","type":"boulangerie","characteristics":"Concarneau walled town. Seaside. Breton bread and butter."}},
  {"type":"Feature","geometry":{"type":"Point","coordinates":[-3.7456,47.8567]},"properties":{"id":"fb-181","name":"Boulangerie Pont-Aven","region":"Bretagne","address":"5 place Gauguin, 29930 Pont-Aven","type":"boulangerie","characteristics":"Pont-Aven. Artist village. Galette and Breton specialities."}},
  {"type":"Feature","geometry":{"type":"Point","coordinates":[7.3623,43.7289]},"properties":{"id":"fb-182","name":"Boulangerie Èze","region":"Provence-Alpes-Côte d'Azur","address":"Rue du Barri, 06360 Èze","type":"boulangerie","characteristics":"Èze village. Perched above Nice. Fougasse and Provençal breads."}},
  {"type":"Feature","geometry":{"type":"Point","coordinates":[7.4245,43.7389]},"properties":{"id":"fb-183","name":"Boulangerie Monaco","region":"Provence-Alpes-Côte d'Azur","address":"15 boulevard des Moulins, 98000 Monaco","type":"boulangerie","characteristics":"Monaco. Principality. Refined breads and viennoiseries."}},
  {"type":"Feature","geometry":{"type":"Point","coordinates":[5.5456,43.2123]},"properties":{"id":"fb-184","name":"Boulangerie Cassis","region":"Provence-Alpes-Côte d'Azur","address":"12 rue Victor Hugo, 13260 Cassis","type":"boulangerie","characteristics":"Cassis. Calanques. Navettes and fougasse. Harbour town."}},
  {"type":"Feature","geometry":{"type":"Point","coordinates":[5.2012,43.9123]},"properties":{"id":"fb-185","name":"Boulangerie Gordes","region":"Provence-Alpes-Côte d'Azur","address":"Place du Château, 84220 Gordes","type":"boulangerie","characteristics":"Gordes. Luberon. Hill village. Provençal bread and lavender."}},
  {"type":"Feature","geometry":{"type":"Point","coordinates":[4.6289,43.6767]},"properties":{"id":"fb-186","name":"Boulangerie Arles","region":"Provence-Alpes-Côte d'Azur","address":"22 rue du 4 Septembre, 13200 Arles","type":"boulangerie","characteristics":"Arles. Van Gogh town. Fougasse and bull festival breads."}},
  {"type":"Feature","geometry":{"type":"Point","coordinates":[3.0812,42.5256]},"properties":{"id":"fb-187","name":"Boulangerie Collioure","region":"Occitanie","address":"18 rue de la République, 66190 Collioure","type":"boulangerie","characteristics":"Collioure. Catalan coast. Pa de quart and anchovy breads."}},
  {"type":"Feature","geometry":{"type":"Point","coordinates":[7.3689,48.0789]},"properties":{"id":"fb-188","name":"Boulangerie Riquewihr","region":"Grand Est","address":"12 rue du Général de Gaulle, 68340 Riquewihr","type":"boulangerie","characteristics":"Riquewihr. Alsace wine village. Kougelhopf and Bretzel."}},
  {"type":"Feature","geometry":{"type":"Point","coordinates":[-0.1567,44.8945]},"properties":{"id":"fb-189","name":"Boulangerie Saint-Émilion","region":"Nouvelle-Aquitaine","address":"8 rue Guadet, 33330 Saint-Émilion","type":"boulangerie","characteristics":"Saint-Émilion. Wine village. Canelé and macarons. UNESCO site."}},
  {"type":"Feature","geometry":{"type":"Point","coordinates":[-1.2345,43.4012]},"properties":{"id":"fb-190","name":"Boulangerie Saint-Jean-de-Luz","region":"Nouvelle-Aquitaine","address":"12 rue de la République, 64500 Saint-Jean-de-Luz","type":"boulangerie","characteristics":"Saint-Jean-de-Luz. Basque. Gâteau basque and taloa."}},
  {"type":"Feature","geometry":{"type":"Point","coordinates":[2.0945,48.8012]},"properties":{"id":"fb-191","name":"Boulangerie Versailles Place du Marché","region":"Île-de-France","address":"Place du Marché Notre-Dame, 78000 Versailles","type":"boulangerie","characteristics":"Versailles market square. Near château. Royal town breads."}},
  {"type":"Feature","geometry":{"type":"Point","coordinates":[4.6012,45.5189]},"properties":{"id":"fb-192","name":"Boulangerie Annecy Vieille Ville","region":"Auvergne-Rhône-Alpes","address":"8 rue Sainte-Claire, 74000 Annecy","type":"boulangerie","characteristics":"Annecy old town. Lake. Reblochon and Savoie breads."}},
  {"type":"Feature","geometry":{"type":"Point","coordinates":[6.8678,45.9289]},"properties":{"id":"fb-193","name":"Boulangerie Chamonix Centre","region":"Auvergne-Rhône-Alpes","address":"84 rue du Docteur Paccard, 74400 Chamonix","type":"boulangerie","characteristics":"Chamonix. Mont Blanc. Alpine breads. Ski resort favourite."}},
  {"type":"Feature","geometry":{"type":"Point","coordinates":[5.9012,43.1234]},"properties":{"id":"fb-194","name":"Boulangerie Saint-Paul-de-Vence","region":"Provence-Alpes-Côte d'Azur","address":"Rue Grande, 06570 Saint-Paul-de-Vence","type":"boulangerie","characteristics":"Saint-Paul-de-Vence. Art village. Fougasse and Provençal."}},
  {"type":"Feature","geometry":{"type":"Point","coordinates":[2.4512,43.6189]},"properties":{"id":"fb-195","name":"Boulangerie Cité de Carcassonne","region":"Occitanie","address":"Rue du Comte Roger, 11000 Carcassonne","type":"boulangerie","characteristics":"Carcassonne citadel. Medieval. Languedoc breads inside the walls."}},
  {"type":"Feature","geometry":{"type":"Point","coordinates":[2.3522,48.8566]},"properties":{"id":"fb-196","name":"Boulangerie Île de la Cité","region":"Île-de-France","address":"2 place du Parvis Notre-Dame, 75004 Paris","type":"boulangerie","characteristics":"Notre-Dame area. Île de la Cité. Tourist and pilgrim breads."}},
  {"type":"Feature","geometry":{"type":"Point","coordinates":[2.3367,48.8606]},"properties":{"id":"fb-197","name":"Boulangerie Louvre","region":"Île-de-France","address":"Rue de Rivoli, 75001 Paris","type":"boulangerie","characteristics":"Near Louvre. Paris 1. Museum district. Baguette and viennoiseries."}},
  {"type":"Feature","geometry":{"type":"Point","coordinates":[2.2956,48.8734]},"properties":{"id":"fb-198","name":"Boulangerie Sacré-Cœur","region":"Île-de-France","address":"18 rue des Abbesses, 75018 Paris","type":"boulangerie","characteristics":"Montmartre. Sacré-Cœur. Hill village. Croissant and baguette."}},
  {"type":"Feature","geometry":{"type":"Point","coordinates":[2.3489,48.8512]},"properties":{"id":"fb-199","name":"Boulangerie Tour Eiffel","region":"Île-de-France","address":"2 avenue de la Bourdonnais, 75007 Paris","type":"boulangerie","characteristics":"Eiffel Tower area. Paris 7. Champ de Mars. Picnic breads."}},
  {"type":"Feature","geometry":{"type":"Point","coordinates":[-1.8456,48.6489]},"properties":{"id":"fb-200","name":"Boulangerie Cancale","region":"Bretagne","address":"12 rue du Port, 35260 Cancale","type":"boulangerie","characteristics":"Cancale. Oyster port. Breton bread and butter. Seaside."}},
  {"type":"Feature","geometry":{"type":"Point","coordinates":[4.8123,43.9489]},"properties":{"id":"fb-201","name":"Pâtisserie Aix Cours Mirabeau","region":"Provence-Alpes-Côte d'Azur","address":"38 cours Mirabeau, 13100 Aix-en-Provence","type":"patisserie","characteristics":"Aix. Calissons and navettes. Main boulevard."}},
  {"type":"Feature","geometry":{"type":"Point","coordinates":[5.3812,43.2989]},"properties":{"id":"fb-202","name":"Boulangerie Vieux-Port Marseille","region":"Provence-Alpes-Côte d'Azur","address":"Quai du Port, 13002 Marseille","type":"boulangerie","characteristics":"Marseille Vieux-Port. Navettes and fougasse. Harbour view."}},
  {"type":"Feature","geometry":{"type":"Point","coordinates":[7.7489,48.5845]},"properties":{"id":"fb-203","name":"Boulangerie Grande Île Strasbourg","region":"Grand Est","address":"Place Kléber, 67000 Strasbourg","type":"boulangerie","characteristics":"Strasbourg. Grande Île UNESCO. Kougelhopf. Christmas capital."}},
  {"type":"Feature","geometry":{"type":"Point","coordinates":[-0.5789,44.8389]},"properties":{"id":"fb-204","name":"Boulangerie Place de la Bourse","region":"Nouvelle-Aquitaine","address":"Place de la Bourse, 33000 Bordeaux","type":"boulangerie","characteristics":"Bordeaux. Mirror square. Canelé and bread. UNESCO harbour."}},
  {"type":"Feature","geometry":{"type":"Point","coordinates":[4.8267,45.7589]},"properties":{"id":"fb-205","name":"Boulangerie Presqu'île Lyon","region":"Auvergne-Rhône-Alpes","address":"55 rue de la République, 69002 Lyon","type":"boulangerie","characteristics":"Lyon Presqu'île. Praline brioche and Lyonnais breads."}},
  {"type":"Feature","geometry":{"type":"Point","coordinates":[-2.0623,48.6356]},"properties":{"id":"fb-206","name":"Boulangerie Dinard","region":"Bretagne","address":"18 rue du Maréchal Leclerc, 35800 Dinard","type":"boulangerie","characteristics":"Dinard. Belle Époque resort. Seaside pastries and bread."}},
  {"type":"Feature","geometry":{"type":"Point","coordinates":[5.2923,43.9012]},"properties":{"id":"fb-207","name":"Boulangerie Roussillon","region":"Provence-Alpes-Côte d'Azur","address":"Place de la Mairie, 84220 Roussillon","type":"boulangerie","characteristics":"Roussillon. Ochre village. Luberon. Country breads."}},
  {"type":"Feature","geometry":{"type":"Point","coordinates":[4.7956,43.7445]},"properties":{"id":"fb-208","name":"Boulangerie Les Baux","region":"Provence-Alpes-Côte d'Azur","address":"Village des Baux, 13520 Les Baux-de-Provence","type":"boulangerie","characteristics":"Les Baux-de-Provence. Fortified village. Fougasse and bread."}},
  {"type":"Feature","geometry":{"type":"Point","coordinates":[7.2623,48.1389]},"properties":{"id":"fb-209","name":"Boulangerie Kaysersberg","region":"Grand Est","address":"30 rue du Général de Gaulle, 68240 Kaysersberg","type":"boulangerie","characteristics":"Kaysersberg. Alsace. Pain d'épices and Kougelhopf."}},
  {"type":"Feature","geometry":{"type":"Point","coordinates":[-1.4234,43.6789]},"properties":{"id":"fb-210","name":"Boulangerie Bayonne","region":"Nouvelle-Aquitaine","address":"25 rue Port-Neuf, 64100 Bayonne","type":"boulangerie","characteristics":"Bayonne. Basque capital. Chocolate and pain d'épices."}},
  {"type":"Feature","geometry":{"type":"Point","coordinates":[1.1623,45.0656]},"properties":{"id":"fb-211","name":"Boulangerie Montignac","region":"Nouvelle-Aquitaine","address":"Place du Marché, 24290 Montignac-Lascaux","type":"boulangerie","characteristics":"Montignac. Lascaux caves. Dordogne walnut and bread."}},
  {"type":"Feature","geometry":{"type":"Point","coordinates":[2.1123,48.7989]},"properties":{"id":"fb-212","name":"Pâtisserie Versailles","region":"Île-de-France","address":"4 rue Hoche, 78000 Versailles","type":"patisserie","characteristics":"Versailles. Refined pastries. Château visitors."}},
  {"type":"Feature","geometry":{"type":"Point","coordinates":[6.9234,45.9012]},"properties":{"id":"fb-213","name":"Boulangerie Megève","region":"Auvergne-Rhône-Alpes","address":"Place de l'Église, 74120 Megève","type":"boulangerie","characteristics":"Megève. Haute-Savoie. Luxury resort. Fine breads and pastries."}},
  {"type":"Feature","geometry":{"type":"Point","coordinates":[5.9234,43.3456]},"properties":{"id":"fb-214","name":"Boulangerie Antibes","region":"Provence-Alpes-Côte d'Azur","address":"24 rue de la République, 06600 Antibes","type":"boulangerie","characteristics":"Antibes. Picasso museum town. Mediterranean breads."}},
  {"type":"Feature","geometry":{"type":"Point","coordinates":[2.4689,43.6012]},"properties":{"id":"fb-215","name":"Pâtisserie Carcassonne","region":"Occitanie","address":"52 rue de Verdun, 11000 Carcassonne","type":"patisserie","characteristics":"Carcassonne. Cassoulet town. Almond and honey pastries."}},
  {"type":"Feature","geometry":{"type":"Point","coordinates":[1.4523,43.5989]},"properties":{"id":"fb-216","name":"Boulangerie Capitole Toulouse","region":"Occitanie","address":"8 place du Capitole, 31000 Toulouse","type":"boulangerie","characteristics":"Toulouse. Pink city. Ficelle and violet pastries."}},
  {"type":"Feature","geometry":{"type":"Point","coordinates":[4.8123,43.8345]},"properties":{"id":"fb-217","name":"Boulangerie Palais des Papes","region":"Provence-Alpes-Côte d'Azur","address":"28 rue de la République, 84000 Avignon","type":"boulangerie","characteristics":"Avignon. Popes' palace. Festival city. Fougasse and bread."}},
  {"type":"Feature","geometry":{"type":"Point","coordinates":[4.8234,45.7645]},"properties":{"id":"fb-218","name":"Pâtisserie Vieux Lyon","region":"Auvergne-Rhône-Alpes","address":"64 rue Saint-Jean, 69005 Lyon","type":"patisserie","characteristics":"Vieux Lyon. Traboules quarter. Tarte praline and Saint-Genix."}},
  {"type":"Feature","geometry":{"type":"Point","coordinates":[-0.5623,44.8423]},"properties":{"id":"fb-219","name":"Pâtisserie Bordeaux Centre","region":"Nouvelle-Aquitaine","address":"12 rue Sainte-Catherine, 33000 Bordeaux","type":"patisserie","characteristics":"Bordeaux. Longest shopping street. Canelé specialist."}},
  {"type":"Feature","geometry":{"type":"Point","coordinates":[7.7523,48.5812]},"properties":{"id":"fb-220","name":"Boulangerie Cathédrale Strasbourg","region":"Grand Est","address":"Place de la Cathédrale, 67000 Strasbourg","type":"boulangerie","characteristics":"Strasbourg cathedral. Christmas market. Kougelhopf and Bretzel."}},
  {"type":"Feature","geometry":{"type":"Point","coordinates":[7.3689,48.3156]},"properties":{"id":"fb-221","name":"Boulangerie Petit Venise Colmar","region":"Grand Est","address":"12 quai de la Poissonnerie, 68000 Colmar","type":"boulangerie","characteristics":"Colmar Little Venice. Half-timbered. Alsatian pastries."}},
  {"type":"Feature","geometry":{"type":"Point","coordinates":[4.0312,49.2589]},"properties":{"id":"fb-222","name":"Boulangerie Cathédrale Reims","region":"Grand Est","address":"Place du Cardinal Luçon, 51100 Reims","type":"boulangerie","characteristics":"Reims cathedral. Champagne. Biscuits roses. Coronation city."}},
  {"type":"Feature","geometry":{"type":"Point","coordinates":[-1.5589,47.2189]},"properties":{"id":"fb-223","name":"Boulangerie Château des Ducs","region":"Pays de la Loire","address":"Place Marc Elder, 44000 Nantes","type":"boulangerie","characteristics":"Nantes. Château des Ducs. Breton-Nantais. LU biscuit town."}},
  {"type":"Feature","geometry":{"type":"Point","coordinates":[-1.6923,48.1189]},"properties":{"id":"fb-224","name":"Boulangerie Parlement Bretagne","region":"Bretagne","address":"Place du Parlement, 35000 Rennes","type":"boulangerie","characteristics":"Rennes. Parliament of Brittany. Galette and Breton butter."}},
  {"type":"Feature","geometry":{"type":"Point","coordinates":[-2.0923,47.0589]},"properties":{"id":"fb-225","name":"Boulangerie Intra-Muros Saint-Malo","region":"Bretagne","address":"6 rue du Puits, 35400 Saint-Malo","type":"boulangerie","characteristics":"Saint-Malo walled city. Corsair town. Breton butter and kouign-amann."}},
  {"type":"Feature","geometry":{"type":"Point","coordinates":[0.1189,49.4956]},"properties":{"id":"fb-226","name":"Boulangerie Cathédrale Rouen","region":"Normandie","address":"Place de la Cathédrale, 76000 Rouen","type":"boulangerie","characteristics":"Rouen. Joan of Arc. Norman butter and apple. Gros-Horloge."}},
  {"type":"Feature","geometry":{"type":"Point","coordinates":[-1.6234,49.2812]},"properties":{"id":"fb-227","name":"Boulangerie Tapisserie Bayeux","region":"Normandie","address":"10 rue Saint-Martin, 14400 Bayeux","type":"boulangerie","characteristics":"Bayeux. Tapestry museum. Norman cream and butter."}},
  {"type":"Feature","geometry":{"type":"Point","coordinates":[5.0489,47.3223]},"properties":{"id":"fb-228","name":"Pâtisserie Dijon Place de la Libération","region":"Bourgogne-Franche-Comté","address":"Place de la Libération, 21000 Dijon","type":"patisserie","characteristics":"Dijon. Ducal palace. Pain d'épices and nonnette."}},
  {"type":"Feature","geometry":{"type":"Point","coordinates":[4.8389,46.9589]},"properties":{"id":"fb-229","name":"Boulangerie Hôtel-Dieu Beaune","region":"Bourgogne-Franche-Comté","address":"Rue de l'Hôtel-Dieu, 21200 Beaune","type":"boulangerie","characteristics":"Beaune. Hospices. Wine capital. Gougère and bread."}},
  {"type":"Feature","geometry":{"type":"Point","coordinates":[1.6989,47.2245]},"properties":{"id":"fb-230","name":"Boulangerie Jeanne d'Arc Orléans","region":"Centre-Val de Loire","address":"Place du Martroi, 45000 Orléans","type":"boulangerie","characteristics":"Orléans. Joan of Arc. Loire breads. Cotignac and pithiviers."}},
  {"type":"Feature","geometry":{"type":"Point","coordinates":[2.3789,48.8689]},"properties":{"id":"fb-231","name":"Boulangerie Opéra Garnier","region":"Île-de-France","address":"1 rue Auber, 75009 Paris","type":"boulangerie","characteristics":"Opéra district. Paris 9. Grands boulevards. Elegant breads."}},
  {"type":"Feature","geometry":{"type":"Point","coordinates":[2.3789,48.8734]},"properties":{"id":"fb-232","name":"Boulangerie Gare du Nord","region":"Île-de-France","address":"18 rue de Dunkerque, 75010 Paris","type":"boulangerie","characteristics":"Gare du Nord. Eurostar. Early morning bread for travellers."}},
  {"type":"Feature","geometry":{"type":"Point","coordinates":[7.2689,43.7023]},"properties":{"id":"fb-233","name":"Boulangerie Promenade des Anglais","region":"Provence-Alpes-Côte d'Azur","address":"Promenade des Anglais, 06000 Nice","type":"boulangerie","characteristics":"Nice. Promenade des Anglais. Seaside. Socca and pissaladière."}},
  {"type":"Feature","geometry":{"type":"Point","coordinates":[-0.5789,44.8523]},"properties":{"id":"fb-234","name":"Boulangerie Quinconces Bordeaux","region":"Nouvelle-Aquitaine","address":"Place des Quinconces, 33000 Bordeaux","type":"boulangerie","characteristics":"Bordeaux. Largest square. Canelé and bread. Tram hub."}},
  {"type":"Feature","geometry":{"type":"Point","coordinates":[1.4289,43.6089]},"properties":{"id":"fb-235","name":"Boulangerie Grand Place Lille","region":"Hauts-de-France","address":"Place du Général de Gaulle, 59000 Lille","type":"boulangerie","characteristics":"Lille Grand Place. Flemish influence. Merveilleux and waffles."}},
  {"type":"Feature","geometry":{"type":"Point","coordinates":[-1.5623,47.2256]},"properties":{"id":"fb-236","name":"Boulangerie Île de Nantes","region":"Pays de la Loire","address":"Île de Nantes, 44200 Nantes","type":"boulangerie","characteristics":"Nantes. Île de Nantes. Creative quarter. Modern and traditional."}},
  {"type":"Feature","geometry":{"type":"Point","coordinates":[0.1023,49.5012]},"properties":{"id":"fb-237","name":"Boulangerie Vieux-Marché Rouen","region":"Normandie","address":"Place du Vieux-Marché, 76000 Rouen","type":"boulangerie","characteristics":"Rouen. Joan of Arc church. Old market. Norman specialities."}},
  {"type":"Feature","geometry":{"type":"Point","coordinates":[2.2678,48.8456]},"properties":{"id":"fb-238","name":"Boulangerie Saint-Germain","region":"Île-de-France","address":"72 rue de Rennes, 75006 Paris","type":"boulangerie","characteristics":"Saint-Germain-des-Prés. Paris 6. Intellectual quarter. Classic bakery."}},
  {"type":"Feature","geometry":{"type":"Point","coordinates":[2.3123,48.8567]},"properties":{"id":"fb-239","name":"Boulangerie Châtelet","region":"Île-de-France","address":"10 rue de la Cité, 75004 Paris","type":"boulangerie","characteristics":"Châtelet. Central Paris. Busy hub. Reliable bread."}},
  {"type":"Feature","geometry":{"type":"Point","coordinates":[2.0945,48.8123]},"properties":{"id":"fb-240","name":"Boulangerie Versailles Rive Gauche","region":"Île-de-France","address":"2 avenue de Paris, 78000 Versailles","type":"boulangerie","characteristics":"Versailles. RER station. Château direction. Commuter and tourist."}},
  {"type":"Feature","geometry":{"type":"Point","coordinates":[1.1823,44.9012]},"properties":{"id":"fb-241","name":"Le Fournil de Sarlat","region":"Nouvelle-Aquitaine","address":"22 rue Tourny, 24200 Sarlat-la-Canéda","type":"artisan","characteristics":"Sarlat artisan. Dordogne. Campagne and noix bread."}},
  {"type":"Feature","geometry":{"type":"Point","coordinates":[-2.0623,48.4545]},"properties":{"id":"fb-242","name":"La Galette de Dinan","region":"Bretagne","address":"12 rue de l'Horloge, 22100 Dinan","type":"boulangerie","characteristics":"Dinan. Galette and Breton cakes. Old town."}},
  {"type":"Feature","geometry":{"type":"Point","coordinates":[-1.3567,46.2012]},"properties":{"id":"fb-243","name":"Boulangerie Île de Ré","region":"Nouvelle-Aquitaine","address":"Place du Marché, 17630 La Flotte","type":"boulangerie","characteristics":"Île de Ré. Atlantic island. Salt and butter. Croissant and bread."}},
  {"type":"Feature","geometry":{"type":"Point","coordinates":[2.5856,48.8689]},"properties":{"id":"fb-244","name":"Boulangerie Disney Village","region":"Île-de-France","address":"Disney Village, 77700 Marne-la-Vallée","type":"boulangerie","characteristics":"Disneyland Paris area. Baguette and viennoiseries for families."}},
  {"type":"Feature","geometry":{"type":"Point","coordinates":[4.6234,45.5123]},"properties":{"id":"fb-245","name":"Pâtisserie Annecy","region":"Auvergne-Rhône-Alpes","address":"22 rue Royale, 74000 Annecy","type":"patisserie","characteristics":"Annecy. Lac d'Annecy. Tarts and Savoie cakes."}},
  {"type":"Feature","geometry":{"type":"Point","coordinates":[6.5789,45.3012]},"properties":{"id":"fb-246","name":"Boulangerie Courchevel","region":"Auvergne-Rhône-Alpes","address":"Place de la Croisette, 73120 Courchevel","type":"boulangerie","characteristics":"Courchevel. Three Valleys. Alpine bakery. Ski season."}},
  {"type":"Feature","geometry":{"type":"Point","coordinates":[7.0123,43.5812]},"properties":{"id":"fb-247","name":"Boulangerie Juan-les-Pins","region":"Provence-Alpes-Côte d'Azur","address":"45 boulevard Guillaumont, 06160 Juan-les-Pins","type":"boulangerie","characteristics":"Juan-les-Pins. Jazz festival town. Seaside breads."}},
  {"type":"Feature","geometry":{"type":"Point","coordinates":[3.8789,43.6089]},"properties":{"id":"fb-248","name":"Boulangerie Place de la Comédie","region":"Occitanie","address":"Place de la Comédie, 34000 Montpellier","type":"boulangerie","characteristics":"Montpellier. Comédie square. Fougasse and Mediterranean."}},
  {"type":"Feature","geometry":{"type":"Point","coordinates":[4.8512,45.7612]},"properties":{"id":"fb-249","name":"Boulangerie Part-Dieu Lyon","region":"Auvergne-Rhône-Alpes","address":"Centre Commercial Part-Dieu, 69003 Lyon","type":"boulangerie","characteristics":"Lyon Part-Dieu. Business district. Baguette and quick lunch."}},
  {"type":"Feature","geometry":{"type":"Point","coordinates":[1.4423,43.6123]},"properties":{"id":"fb-250","name":"Boulangerie Vieux Lille","region":"Hauts-de-France","address":"6 rue de la Monnaie, 59000 Lille","type":"boulangerie","characteristics":"Vieux-Lille. Flemish architecture. Merveilleux and waffles."}},
  {"type":"Feature","geometry":{"type":"Point","coordinates":[7.7556,48.5689]},"properties":{"id":"fb-251","name":"Boulangerie Grande Île Strasbourg","region":"Grand Est","address":"Place Kléber, 67000 Strasbourg","type":"boulangerie","characteristics":"Strasbourg Grande Île UNESCO. Kougelhopf. Christmas capital."}},
  {"type":"Feature","geometry":{"type":"Point","coordinates":[-4.4856,48.3923]},"properties":{"id":"fb-252","name":"Boulangerie Recouvrance Brest","region":"Bretagne","address":"Rue de Recouvrance, 29200 Brest","type":"boulangerie","characteristics":"Brest Recouvrance. Harbour. Breton butter and sea."}},
  {"type":"Feature","geometry":{"type":"Point","coordinates":[-2.7689,47.6623]},"properties":{"id":"fb-253","name":"Boulangerie Vannes Port","region":"Bretagne","address":"Port de Vannes, 56000 Vannes","type":"boulangerie","characteristics":"Vannes. Gulf of Morbihan. Harbour. Galette and kouign-amann."}},
  {"type":"Feature","geometry":{"type":"Point","coordinates":[-1.6012,49.2823]},"properties":{"id":"fb-254","name":"Boulangerie D-Day Bayeux","region":"Normandie","address":"Rue Saint-Martin, 14400 Bayeux","type":"boulangerie","characteristics":"Bayeux. D-Day beaches gateway. Norman butter and cream."}},
  {"type":"Feature","geometry":{"type":"Point","coordinates":[5.0423,47.3189]},"properties":{"id":"fb-255","name":"Boulangerie Darcy Dijon","region":"Bourgogne-Franche-Comté","address":"Place Darcy, 21000 Dijon","type":"boulangerie","characteristics":"Dijon. Darcy square. Owl trail. Pain d'épices and mustard."}},
  {"type":"Feature","geometry":{"type":"Point","coordinates":[4.8456,46.9623]},"properties":{"id":"fb-256","name":"Pâtisserie Hospices Beaune","region":"Bourgogne-Franche-Comté","address":"Place de l'Hôtel-Dieu, 21200 Beaune","type":"patisserie","characteristics":"Beaune Hospices. Wine auction town. Fine pastries."}},
  {"type":"Feature","geometry":{"type":"Point","coordinates":[2.4523,43.6089]},"properties":{"id":"fb-257","name":"Boulangerie Bastide Carcassonne","region":"Occitanie","address":"Rue Jean Bringer, 11000 Carcassonne","type":"boulangerie","characteristics":"Carcassonne bastide. Lower town. Languedoc breads."}},
  {"type":"Feature","geometry":{"type":"Point","coordinates":[9.4523,42.6989]},"properties":{"id":"fb-258","name":"Boulangerie Fesch Ajaccio","region":"Corse","address":"Rue Cardinal Fesch, 20000 Ajaccio","type":"boulangerie","characteristics":"Ajaccio. Fesch museum. Napoleon's birthplace. Corsican bread."}},
  {"type":"Feature","geometry":{"type":"Point","coordinates":[5.7389,45.1889]},"properties":{"id":"fb-259","name":"Boulangerie Grenoble Bastille","region":"Auvergne-Rhône-Alpes","address":"Quai Stéphane Jay, 38000 Grenoble","type":"boulangerie","characteristics":"Grenoble. Cable car. Walnut and Chartreuse region. Nut breads."}},
  {"type":"Feature","geometry":{"type":"Point","coordinates":[1.3289,47.4189]},"properties":{"id":"fb-260","name":"Boulangerie Tours Centre","region":"Centre-Val de Loire","address":"10 rue du Commerce, 37000 Tours","type":"boulangerie","characteristics":"Tours. Loire châteaux gateway. Rillettes and bread."}},
  {"type":"Feature","geometry":{"type":"Point","coordinates":[2.4012,48.8789]},"properties":{"id":"fb-261","name":"Boulangerie Gare de Lyon","region":"Île-de-France","address":"Place Louis-Armand, 75012 Paris","type":"boulangerie","characteristics":"Gare de Lyon. TGV. Station bakery. Quick bread and pastries."}},
  {"type":"Feature","geometry":{"type":"Point","coordinates":[2.2678,48.8234]},"properties":{"id":"fb-262","name":"Boulangerie Porte de Versailles","region":"Île-de-France","address":"2 rue de la Convention, 75015 Paris","type":"boulangerie","characteristics":"Porte de Versailles. Exhibition centre. Paris 15. Daily bread."}},
  {"type":"Feature","geometry":{"type":"Point","coordinates":[2.3456,48.8789]},"properties":{"id":"fb-263","name":"Boulangerie Belleville","region":"Île-de-France","address":"72 rue de Belleville, 75020 Paris","type":"boulangerie","characteristics":"Belleville. Paris 20. Multicultural. Diverse breads and pastries."}},
  {"type":"Feature","geometry":{"type":"Point","coordinates":[2.3891,48.8567]},"properties":{"id":"fb-264","name":"Boulangerie Bercy Village","region":"Île-de-France","address":"Cour Saint-Émilion, 75012 Paris","type":"boulangerie","characteristics":"Bercy. Wine village. Paris 12. Baguette and viennoiseries."}},
  {"type":"Feature","geometry":{"type":"Point","coordinates":[2.3567,48.8345]},"properties":{"id":"fb-265","name":"Boulangerie Place d'Italie","region":"Île-de-France","address":"18 place d'Italie, 75013 Paris","type":"boulangerie","characteristics":"Place d'Italie. Paris 13. Chinatown area. Multicultural breads."}},
  {"type":"Feature","geometry":{"type":"Point","coordinates":[2.4123,48.9012]},"properties":{"id":"fb-266","name":"Boulangerie La Villette","region":"Île-de-France","address":"211 avenue Jean Jaurès, 75019 Paris","type":"boulangerie","characteristics":"La Villette. Cité des Sciences. Paris 19. Family bakery."}},
  {"type":"Feature","geometry":{"type":"Point","coordinates":[2.3522,48.8423]},"properties":{"id":"fb-267","name":"Boulangerie Invalides","region":"Île-de-France","address":"45 rue de Grenelle, 75007 Paris","type":"boulangerie","characteristics":"Invalides. Army museum. Paris 7. Traditional baguette."}},
  {"type":"Feature","geometry":{"type":"Point","coordinates":[3.0823,42.5289]},"properties":{"id":"fb-268","name":"Boulangerie Vernet-les-Bains","region":"Occitanie","address":"Place de la République, 66820 Vernet-les-Bains","type":"boulangerie","characteristics":"Vernet-les-Bains. Pyrenees. Catalan breads. Spa town."}},
  {"type":"Feature","geometry":{"type":"Point","coordinates":[2.1123,41.3823]},"properties":{"id":"fb-269","name":"Boulangerie Perpignan Centre","region":"Occitanie","address":"Place de la Loge, 66000 Perpignan","type":"boulangerie","characteristics":"Perpignan. Catalan France. Pa de quart and cocas. Mediterranean."}},
  {"type":"Feature","geometry":{"type":"Point","coordinates":[9.4489,42.7012]},"properties":{"id":"fb-270","name":"Pâtisserie Corse Ajaccio","region":"Corse","address":"Cours Napoléon, 20000 Ajaccio","type":"patisserie","characteristics":"Ajaccio. Canistrelli and fiadone. Island specialities."}}
]
